EXECUTION_DATE;MESSAGE_TYPE;SEGMENT;CHANNEL;NEMOTECNIA
260423;COMERCIAL;PREPAGO;RCS;C_VEN_PRE_MGEMT1A_RCS_2
260423;COMERCIAL;PREPAGO;RCS;C_VEN_PRE_MIGCAT1_RCS_2
260423;COMERCIAL;PREPAGO;RCS;C_VEN_PRE_MGEMT1B_RCS_2
260423;COMERCIAL;PREPAGO;RCS;C_VEN_PRE_MIGCATA_RCS_2
260423;COMERCIAL;PREPAGO;SMS;C_VEN_PRE_MGEMT1A_SL_2
260423;COMERCIAL;PREPAGO;SMS;C_VEN_PRE_MIGCAT1_SL_2
260423;COMERCIAL;PREPAGO;SMS;C_VEN_PRE_MGEMT1B_SL_2
260423;COMERCIAL;PREPAGO;SMS;C_VEN_PRE_MIGCATA_SL_2
260423;COMERCIAL;PREPAGO;SMS;C_VEN_PRE_MIGCATC_SL_2
260423;COMERCIAL;PREPAGO;SMS;C_VEN_PRE_MIGCATB_SL_2
